MAKE,VEHICLECLASS,ENGINESIZE,CYLINDERS,TRANSMISSION,FUELTYPE,FUELCONSUMPTION_CITY,FUELCONSUMPTION_HWY,FUELCONSUMPTION_COMB,FUELCONSUMPTION_COMB_MPG,clase,CO2EMISSIONS
0,0,1.0,1,0,0,9.9,6.7,8.5,33,0,196
0,0,2.4,1,1,0,11.2,7.7,9.6,29,0,221
0,0,1.5,1,2,0,6.0,5.8,5.9,48,0,136
0,1,3.5,6,3,0,12.7,9.1,11.1,25,0,255
0,1,3.5,6,3,0,12.1,8.7,10.6,27,0,244
0,2,3.5,6,3,0,11.9,7.7,10.0,28,0,230
0,2,3.5,6,3,0,11.8,8.1,10.1,28,0,232
0,2,3.7,6,3,0,12.8,9.0,11.1,25,0,255
0,2,3.7,6,1,0,13.4,9.5,11.6,24,0,267
0,0,2.4,1,0,0,10.6,7.5,9.2,31,0,212
0,0,2.4,1,1,0,11.2,8.1,9.8,29,0,225
0,0,3.5,6,0,0,12.1,8.3,10.4,27,0,239
1,3,5.9,12,4,0,18.0,12.6,15.6,18,0,359
1,4,5.9,12,4,0,18.0,12.6,15.6,18,0,359
1,5,4.7,8,5,0,17.4,11.3,14.7,19,0,338
1,5,4.7,8,1,0,18.1,12.2,15.4,18,0,354
1,5,4.7,8,5,0,17.4,11.3,14.7,19,0,338
1,5,4.7,8,1,0,18.1,12.2,15.4,18,0,354
1,3,5.9,12,4,0,18.0,12.6,15.6,18,0,359
2,0,1.0,1,6,0,9.9,7.4,8.8,32,0,202
2,0,1.0,1,7,0,11.5,8.1,10.0,28,0,230
2,0,1.0,1,1,0,10.8,7.5,9.3,30,0,214
2,4,1.0,1,7,0,11.5,8.1,10.0,28,0,230
2,4,1.0,1,7,0,11.5,8.1,10.0,28,0,230
2,4,1.0,1,1,0,10.8,7.5,9.3,30,0,214
2,2,1.0,1,7,0,12.0,8.1,10.2,28,0,235
2,2,1.0,6,7,0,12.8,8.6,10.9,26,0,251
2,2,1.0,6,7,1,9.8,6.4,8.3,34,0,224
2,2,1.0,6,7,0,13.1,8.8,11.2,25,0,258
2,2,1.0,6,7,1,9.8,6.4,8.3,34,0,224
2,2,1.0,6,7,0,13.1,8.8,11.2,25,0,258
2,2,1.0,8,7,0,13.5,8.6,11.3,25,0,260
2,2,1.0,6,7,1,10.0,6.4,8.4,34,0,227
2,6,1.0,6,7,0,13.1,8.8,11.2,25,0,258
2,6,1.0,8,7,0,14.7,9.7,12.5,23,0,288
2,6,6.3,12,7,0,18.2,12.6,15.7,18,0,361
2,6,1.0,6,7,1,10.1,6.5,8.5,33,0,230
2,7,1.0,1,7,0,11.8,8.8,10.5,27,0,242
2,1,1.0,1,7,0,12.0,8.5,10.4,27,0,239
2,1,1.0,6,7,0,12.9,9.2,11.2,25,0,258
2,1,1.0,1,7,0,9.9,8.3,9.2,31,0,212
2,1,1.0,6,7,1,10.3,7.6,9.1,31,0,246
2,8,1.0,6,7,0,15.1,10.9,13.2,21,0,304
2,8,1.0,6,7,1,12.9,8.4,10.9,26,0,294
2,5,4.2,8,8,0,17.6,11.0,14.6,19,0,336
2,5,4.2,8,1,0,21.2,13.4,17.7,16,0,407
2,5,5.2,10,8,0,18.8,11.3,15.4,18,0,354
2,5,5.2,10,1,0,21.1,13.8,17.8,16,0,409
2,5,4.2,8,8,0,17.6,11.0,14.6,19,0,336
2,5,4.2,8,1,0,21.2,13.4,17.7,16,0,407
2,5,5.2,10,8,0,18.8,11.3,15.4,18,0,354
2,5,5.2,10,1,0,21.1,13.8,17.8,16,0,409
2,4,4.2,8,8,0,15.3,10.9,13.3,21,0,306
2,4,4.2,8,8,0,15.2,11.3,13.4,21,0,308
2,2,1.0,8,7,0,15.3,9.3,12.6,22,0,290
2,0,1.0,6,8,0,13.2,9.2,11.4,25,0,262
2,0,1.0,6,1,0,14.6,9.8,12.4,23,0,285
2,4,1.0,6,8,0,13.2,9.2,11.4,25,0,262
2,4,1.0,6,1,0,14.6,9.8,12.4,23,0,285
2,4,1.0,6,8,0,13.3,9.5,11.6,24,0,267
2,2,1.0,8,8,0,14.2,9.7,12.2,23,0,281
2,2,1.0,8,8,0,14.2,9.7,12.2,23,0,281
2,2,1.0,8,7,0,15.4,9.8,12.9,22,0,297
2,1,1.0,6,7,0,14.9,10.1,12.7,22,0,292
2,4,1.0,1,4,0,10.4,7.6,9.1,31,0,209
2,5,1.0,1,4,0,10.4,7.6,9.1,31,0,209
2,4,1.0,1,4,0,11.5,8.8,10.3,27,0,237
2,5,1.0,1,4,0,11.5,8.8,10.3,27,0,237
3,4,1.0,8,7,0,15.4,9.8,12.9,22,0,297
3,4,6.0,12,7,0,18.8,11.5,15.5,18,0,356
3,4,1.0,8,7,0,16.8,10.3,13.9,20,0,320
3,4,6.0,12,7,0,20.0,12.2,16.5,17,0,380
3,4,1.0,8,7,0,16.7,10.6,14.0,20,0,322
3,4,6.0,12,7,0,20.0,12.2,16.5,17,0,380
3,2,6.0,12,7,0,20.0,12.2,16.5,17,0,380
3,2,6.8,8,7,0,22.3,14.9,19.0,15,0,437
4,0,1.0,1,9,0,10.0,6.5,8.4,34,0,193
4,0,1.0,1,1,0,10.4,6.7,8.7,32,0,200
4,0,1.0,1,9,0,10.2,7.0,8.8,32,0,202
4,0,1.0,1,9,1,7.6,5.5,6.7,42,0,181
4,7,1.0,1,9,1,7.6,5.5,6.7,42,0,181
4,0,1.0,1,9,0,10.0,6.5,8.4,34,0,193
4,0,1.0,1,1,0,10.4,6.7,8.7,32,0,200
4,0,1.0,1,9,0,10.6,7.2,9.1,31,0,209
4,6,1.0,1,9,0,10.6,7.2,9.1,31,0,209
4,7,1.0,1,9,0,10.6,7.2,9.1,31,0,209
4,0,1.0,6,9,0,11.4,7.3,9.6,29,0,221
4,0,1.0,6,1,0,11.8,7.9,10.0,28,0,230
4,0,1.0,6,9,0,11.7,7.8,9.9,29,0,228
4,0,1.0,6,1,0,11.9,8.3,10.3,27,0,237
4,6,1.0,6,9,0,11.9,8.0,10.1,28,0,232
4,0,1.0,1,9,0,10.0,6.5,8.4,34,0,193
4,0,1.0,1,1,0,10.4,6.7,8.7,32,0,200
4,0,1.0,1,9,0,10.6,7.2,9.1,31,0,209
4,0,1.0,6,9,0,11.4,7.3,9.6,29,0,221
4,0,1.0,6,1,0,11.8,7.9,10.0,28,0,230
4,0,1.0,6,9,0,11.7,7.8,9.9,29,0,228
4,0,1.0,6,1,0,11.9,8.3,10.3,27,0,237
4,2,1.0,1,9,0,10.2,7.0,8.8,32,0,202
4,2,1.0,1,9,0,10.6,7.2,9.1,31,0,209
4,2,1.0,6,9,1,9.2,6.4,7.9,36,0,213
4,2,1.0,6,9,0,11.9,8.0,10.1,28,0,232
4,6,1.0,6,9,0,12.5,8.6,10.7,26,0,246
4,2,4.4,8,9,0,14.4,9.6,12.2,23,0,281
4,6,4.4,8,9,0,15.0,9.8,12.7,22,0,292
4,0,1.0,6,9,0,11.9,8.0,10.1,28,0,232
4,4,4.4,8,9,0,15.0,9.8,12.7,22,0,292
4,0,4.4,8,9,0,14.4,9.6,12.2,23,0,281
4,0,4.4,8,9,0,15.0,9.8,12.7,22,0,292
4,6,1.0,6,9,0,12.5,8.6,10.7,26,0,246
4,6,4.4,8,9,0,15.0,9.8,12.7,22,0,292
4,6,4.4,8,9,0,15.0,9.8,12.7,22,0,292
4,6,6.0,12,9,0,18.7,11.5,15.5,18,0,356
4,0,1.0,6,9,0,9.2,7.1,8.3,34,0,191
4,2,1.0,6,9,0,10.5,7.9,9.3,30,0,214
4,6,1.0,6,9,0,10.5,7.6,9.2,31,0,212
4,6,4.4,8,9,0,15.0,9.8,12.7,22,0,292
4,6,4.4,8,9,0,15.0,9.8,12.7,22,0,292
4,2,4.4,8,5,0,17.3,11.5,14.7,19,0,338
4,2,4.4,8,1,0,16.2,10.9,13.8,20,0,317
4,0,4.4,8,5,0,17.3,11.5,14.7,19,0,338
4,0,4.4,8,1,0,16.2,10.9,13.8,20,0,317
4,4,4.4,8,5,0,17.3,11.5,14.7,19,0,338
4,4,4.4,8,1,0,16.2,10.9,13.8,20,0,317
4,0,4.4,8,5,0,17.3,11.5,14.7,19,0,338
4,0,4.4,8,1,0,16.2,10.9,13.8,20,0,317
4,1,1.0,1,9,0,10.6,7.2,9.1,31,0,209
4,1,1.0,6,4,0,13.2,8.9,11.3,25,0,260
4,1,1.0,1,9,0,11.2,8.5,10.0,28,0,230
4,1,1.0,6,9,0,12.6,9.1,11.0,26,0,253
4,8,1.0,6,9,0,12.9,8.8,11.1,25,0,255
4,8,4.4,8,9,0,16.3,10.9,13.9,20,0,320
4,8,4.4,8,4,0,18.1,13.7,16.1,18,0,370
4,8,1.0,6,9,0,13.6,9.8,11.9,24,0,274
4,8,4.4,8,9,0,16.4,11.3,14.1,20,0,324
4,5,1.0,1,9,0,10.8,7.1,9.1,31,0,209
4,5,1.0,1,1,0,10.4,6.7,8.7,32,0,200
4,5,1.0,6,5,0,13.7,10.1,12.1,23,0,278
4,5,1.0,6,1,0,12.7,9.0,11.0,26,0,253
4,5,1.0,6,5,0,13.7,10.1,12.1,23,0,278
5,8,3.6,6,4,2,14.3,9.9,12.3,23,0,283
5,8,3.6,6,4,2,14.6,10.2,12.6,22,0,290
5,1,1.4,1,3,2,9.5,7.2,8.5,33,0,196
5,1,1.4,1,3,2,10.2,8.0,9.2,31,0,212
5,2,3.6,6,3,2,13.7,8.7,11.5,25,0,264
5,2,3.6,6,3,3,18.4,12.2,15.6,18,1,250
5,2,3.6,6,3,2,13.7,8.9,11.5,25,0,264
5,2,3.6,6,3,3,19.4,13.0,16.5,17,1,264
5,2,2.4,1,3,2,9.6,6.5,8.2,34,0,189
5,2,1.0,1,3,0,11.5,7.9,9.9,29,0,228
5,2,1.0,1,1,0,11.6,7.5,9.8,29,0,225
5,2,1.0,1,3,0,12.3,8.7,10.7,26,0,246
5,2,2.4,1,3,2,9.6,6.5,8.2,34,0,189
5,0,1.0,1,3,0,11.5,7.9,9.9,29,0,228
5,0,1.0,1,1,0,11.6,7.5,9.8,29,0,225
5,0,2.4,1,3,2,11.3,7.4,9.5,30,0,218
6,0,1.0,1,3,0,11.3,7.5,9.6,29,0,221
6,0,1.0,1,1,0,12.1,7.9,10.2,28,0,235
6,0,2.5,1,3,2,10.5,7.2,9.0,31,0,207
6,0,3.6,6,3,2,12.8,8.5,10.9,26,0,251
6,0,1.0,1,3,0,11.8,8.1,10.1,28,0,232
6,0,3.6,6,3,2,13.1,9.0,11.3,25,0,260
6,2,3.6,6,3,2,13.2,8.7,11.2,25,0,258
6,2,3.6,6,3,2,13.3,9.0,11.4,25,0,262
6,2,1.0,1,3,0,11.9,7.9,10.1,28,0,232
6,2,3.6,6,7,2,12.9,8.2,10.8,26,0,248
6,2,1.0,1,3,0,12.6,8.5,10.8,26,0,248
6,2,3.6,6,3,2,13.1,9.0,11.3,25,0,260
6,2,3.6,6,7,0,15.1,9.9,12.8,22,0,294
6,7,1.0,6,3,2,12.7,8.9,11.0,26,0,253
6,7,3.6,6,3,2,13.3,8.9,11.3,25,0,260
6,7,1.0,6,3,2,12.8,9.1,11.1,25,0,255
6,7,3.6,6,3,2,13.3,9.0,11.4,25,0,262
6,2,6.2,8,3,0,19.7,12.9,16.6,17,0,382
6,2,6.2,8,1,0,16.7,12.5,14.8,19,0,340
6,2,6.2,8,3,0,19.7,12.9,16.6,17,0,382
6,2,6.2,8,1,0,16.7,12.5,14.8,19,0,340
6,7,6.2,8,3,0,19.7,12.9,16.6,17,0,382
6,7,6.2,8,1,0,16.7,12.5,14.8,19,0,340
6,8,6.2,8,4,0,17.0,11.8,14.7,19,0,338
6,8,6.2,8,4,3,23.3,16.1,20.1,14,1,322
6,8,6.2,8,4,0,18.8,13.4,16.4,17,0,377
6,8,6.2,8,4,3,25.7,17.8,22.1,13,1,354
6,8,3.6,6,3,2,14.3,9.8,12.3,23,0,283
6,8,3.6,6,3,2,14.8,10.4,12.8,22,0,294
6,6,3.6,6,3,2,13.6,8.6,11.4,25,0,262
6,6,3.6,6,3,2,14.0,9.1,11.8,24,0,271
6,6,3.6,6,3,0,14.8,9.8,12.6,22,0,290
7,0,3.6,6,3,2,13.2,8.7,11.2,25,0,258
7,0,3.6,6,1,2,14.2,8.6,11.7,24,0,269
7,0,3.6,6,3,2,12.7,7.9,10.5,27,0,242
7,0,6.2,8,3,0,15.3,9.8,12.8,22,0,294
7,0,6.2,8,1,0,15.0,9.9,12.7,22,0,292
7,0,6.2,8,3,0,19.7,12.9,16.6,17,0,382
7,0,6.2,8,1,0,16.7,12.5,14.8,19,0,340
7,5,6.2,8,3,0,14.9,8.5,12.0,24,0,276
7,5,6.2,8,10,0,13.7,8.2,11.2,25,0,258
7,2,1.4,1,3,2,9.1,6.3,7.8,36,0,179
7,2,1.4,1,1,2,9.1,6.3,7.8,36,0,179
7,2,1.8,1,3,2,10.5,6.7,8.8,32,0,202
7,2,1.8,1,1,2,9.5,6.5,8.2,34,0,189
7,2,1.0,1,3,1,8.7,5.1,7.1,40,0,192
7,2,1.4,1,4,2,9.1,6.0,7.7,37,0,177
7,2,1.4,1,1,2,8.4,5.6,7.1,40,0,163
7,1,2.4,1,4,2,10.5,7.3,9.1,31,0,209
7,1,3.6,6,4,2,13.9,9.6,12.0,24,0,276
7,1,3.6,6,4,3,18.8,13.1,16.2,17,1,259
7,1,2.4,1,4,2,11.5,8.2,10.0,28,0,230
7,1,3.6,6,4,2,14.8,9.9,12.6,22,0,290
7,1,3.6,6,4,3,19.8,13.6,17.0,17,1,272
7,9,4.3,6,11,2,17.1,12.7,15.1,19,0,347
7,9,5.3,8,11,2,18.0,13.4,15.9,18,0,366
7,9,5.3,8,11,3,23.5,17.7,20.9,14,1,334
7,9,5.3,8,11,2,18.3,14.2,16.5,17,0,380
7,9,5.3,8,11,3,23.7,18.8,21.5,13,1,344
7,9,5.3,8,11,2,18.6,13.9,16.5,17,0,380
7,9,5.3,8,11,3,23.9,18.5,21.5,13,1,344
7,9,5.3,8,11,2,18.3,14.2,16.5,17,0,380
7,9,5.3,8,11,3,25.3,19.3,22.6,12,1,362
7,10,5.3,8,11,2,18.6,13.9,16.5,17,0,380
7,10,5.3,8,11,3,23.9,18.5,21.5,13,1,344
7,10,5.3,8,11,2,18.3,14.2,16.5,17,0,380
7,10,5.3,8,11,3,25.3,19.3,22.6,12,1,362
7,10,4.8,8,4,2,21.1,14.2,18.0,16,0,414
7,10,6.0,8,4,2,21.9,15.0,18.8,15,0,432
7,10,6.0,8,4,3,30.0,20.4,25.7,11,1,411
7,10,4.8,8,4,2,21.3,14.3,18.2,16,0,419
7,10,6.0,8,4,2,22.1,15.0,18.9,15,0,435
7,10,6.0,8,4,3,30.2,20.5,25.8,11,1,413
7,6,2.5,1,3,2,11.3,7.5,9.6,29,0,221
7,6,3.6,6,3,2,12.6,8.2,10.6,27,0,244
7,6,3.6,6,3,3,16.7,11.3,14.3,20,1,229
7,6,2.4,1,3,2,10.0,7.0,8.7,32,0,200
7,2,1.0,1,3,0,11.5,7.9,9.9,29,0,228
7,2,2.5,1,3,2,9.3,6.4,8.0,35,0,184
7,1,2.4,1,3,2,12.2,8.6,10.6,27,0,244
7,1,2.4,1,1,2,11.8,8.3,10.2,28,0,235
7,11,4.3,6,4,2,13.4,9.9,11.8,24,0,271
7,11,4.3,6,4,3,18.9,14.2,16.8,17,1,269
7,11,5.3,8,4,2,14.6,10.3,12.7,22,0,292
7,11,5.3,8,4,3,19.5,13.7,16.9,17,1,270
7,11,6.2,8,4,0,16.3,11.4,14.1,20,0,324
7,11,4.3,6,4,2,14.2,10.6,12.6,22,0,290
7,11,4.3,6,4,3,20.0,15.1,17.8,16,1,285
7,11,5.3,8,4,2,14.9,10.6,13.0,22,0,299
7,11,5.3,8,4,3,19.9,14.2,17.3,16,1,277
7,11,6.2,8,4,0,16.4,11.7,14.3,20,0,329
7,0,1.4,1,3,2,9.1,6.7,8.0,35,0,184
7,0,1.4,1,1,2,8.5,6.2,7.5,38,0,173
7,0,1.8,1,3,2,9.6,6.6,8.3,34,0,191
7,0,1.8,1,12,2,8.9,6.7,7.9,36,0,182
7,2,1.4,1,3,2,9.1,6.7,8.0,35,0,184
7,2,1.4,1,1,2,8.5,6.2,7.5,38,0,172
7,2,1.8,1,3,2,9.6,6.6,8.3,34,0,191
7,2,1.8,1,12,2,8.9,6.7,7.9,36,0,182
7,2,1.4,1,3,2,9.4,7.0,8.3,34,0,191
7,2,1.4,1,1,2,8.7,7.0,7.9,36,0,182
7,0,1.4,1,3,2,9.4,7.0,8.3,34,0,191
7,0,1.4,1,1,2,8.7,7.0,7.9,36,0,182
7,4,1.2,1,13,2,7.7,6.0,6.9,41,0,159
7,4,1.2,1,12,2,7.6,6.0,6.9,41,0,159
7,8,5.3,8,4,2,16.0,11.1,13.8,20,0,317
7,8,5.3,8,4,3,21.5,14.6,18.4,15,1,294
7,8,5.3,8,4,2,16.0,11.1,13.8,20,0,317
7,8,5.3,8,4,3,21.5,14.6,18.4,15,1,294
7,8,5.3,8,4,2,16.0,11.1,13.8,20,0,317
7,8,5.3,8,4,3,21.5,14.6,18.4,15,1,294
7,8,5.3,8,4,2,16.0,11.1,13.8,20,0,317
7,8,5.3,8,4,3,21.5,14.6,18.4,15,1,294
7,8,3.6,6,4,2,14.3,9.9,12.3,23,0,283
7,8,3.6,6,4,2,14.6,10.2,12.6,22,0,290
7,1,1.4,1,3,2,9.4,7.1,8.4,34,0,193
7,1,1.4,1,1,2,9.1,6.8,8.1,35,0,186
7,1,1.4,1,3,2,10.0,7.8,9.0,31,0,207
8,6,3.6,6,9,2,12.4,7.7,10.3,27,0,237
8,0,2.4,1,11,2,11.7,8.2,10.1,28,0,232
8,0,2.4,1,4,2,12.9,8.1,10.7,26,0,246
8,0,3.6,6,4,2,12.5,8.1,10.5,27,0,242
8,0,3.6,6,4,3,17.0,11.2,14.4,20,1,230
8,2,2.4,1,11,2,11.2,8.0,9.8,29,0,225
8,2,2.4,1,4,2,12.0,7.6,10.0,28,0,230
8,2,3.6,6,4,2,12.5,8.1,10.5,27,0,242
8,2,3.6,6,4,3,17.0,11.2,14.4,20,1,230
8,6,5.7,8,14,2,15.8,9.2,12.8,22,0,294
8,6,3.6,6,9,2,12.8,8.6,10.9,26,0,251
8,6,5.7,8,14,2,16.1,10.0,13.4,21,0,308
8,6,3.6,6,9,2,12.8,8.6,10.9,26,0,251
8,6,3.6,6,9,3,17.3,11.7,14.8,19,1,237
8,6,3.6,6,9,2,12.4,7.7,10.3,27,0,237
8,6,6.4,8,14,0,16.7,10.3,13.8,20,0,317
8,12,3.6,6,4,2,14.1,9.5,12.0,24,0,276
8,12,3.6,6,4,3,19.7,13.3,16.8,17,1,269
9,2,2.4,1,11,2,11.2,8.0,9.8,29,0,225
9,2,2.4,1,4,2,12.0,7.6,10.0,28,0,230
9,2,3.6,6,4,2,12.5,8.1,10.5,27,0,242
9,2,3.6,6,4,3,17.0,11.2,14.4,20,1,230
9,2,3.6,6,14,2,13.2,8.7,11.2,25,0,258
9,2,5.7,8,1,2,15.6,10.0,13.1,22,0,301
9,2,5.7,8,14,2,15.8,9.2,12.8,22,0,294
9,2,6.4,8,1,0,16.8,10.4,13.9,20,0,320
9,2,6.4,8,14,0,16.7,10.3,13.8,20,0,317
9,6,3.6,6,14,2,13.2,8.7,11.2,25,0,258
9,6,3.6,6,9,2,12.4,7.7,10.3,27,0,237
9,6,5.7,8,14,2,15.8,9.2,12.8,22,0,294
9,6,3.6,6,9,2,12.8,8.6,10.9,26,0,251
9,6,5.7,8,14,2,16.1,10.0,13.4,21,0,308
9,6,3.6,6,9,2,12.8,8.6,10.9,26,0,251
9,6,3.6,6,9,3,17.3,11.7,14.8,19,1,237
9,6,3.6,6,14,2,13.2,8.7,11.2,25,0,258
9,6,3.6,6,14,3,18.3,12.6,15.7,18,1,251
9,6,3.6,6,9,2,12.3,7.6,10.2,28,0,235
9,6,6.4,8,14,0,16.7,10.3,13.8,20,0,317
9,2,1.0,1,1,2,9.4,6.5,8.1,35,0,186
9,2,2.4,1,4,2,10.1,6.8,8.6,33,0,198
9,2,2.4,1,1,2,10.5,6.7,8.8,32,0,202
9,2,1.0,1,4,2,9.9,7.0,8.6,33,0,198
9,2,2.4,1,4,2,10.6,7.5,9.2,31,0,212
9,2,2.4,1,1,2,10.2,7.0,8.8,32,0,202
9,2,1.4,1,15,2,8.4,5.9,7.3,39,0,168
9,2,1.4,1,1,2,8.5,5.8,7.3,39,0,168
9,8,5.7,8,9,2,17.3,10.8,14.4,20,0,331
9,8,3.6,6,9,2,13.9,9.8,12.1,23,0,278
9,8,3.6,6,9,3,17.7,13.0,15.6,18,1,250
9,12,3.6,6,4,2,13.7,9.4,11.8,24,0,271
9,12,3.6,6,4,3,19.2,13.1,16.5,17,1,264
9,1,2.4,1,11,2,12.7,9.1,11.1,25,0,255
9,1,3.6,6,4,2,14.5,9.9,12.4,23,0,285
9,1,3.6,6,4,2,14.2,9.4,12.0,24,0,276
9,1,3.6,6,4,3,18.9,12.9,16.2,17,1,259
10,3,1.4,1,12,2,8.5,6.9,7.8,36,0,179
10,3,1.4,1,12,2,8.5,6.9,7.8,36,0,179
10,3,1.4,1,4,2,8.7,6.9,7.9,36,0,182
10,3,1.4,1,12,2,7.9,6.3,7.2,39,0,166
10,3,1.4,1,12,2,8.5,6.9,7.8,36,0,179
10,3,1.4,1,4,2,8.7,6.9,7.9,36,0,182
10,3,1.4,1,12,2,7.6,5.9,6.8,42,0,156
10,3,1.4,1,12,2,8.5,6.9,7.8,36,0,179
10,7,1.4,1,15,2,10.0,7.2,8.7,32,0,200
10,7,1.4,1,1,2,9.3,7.2,8.4,34,0,193
11,6,1.0,1,13,2,5.6,6.4,6.0,47,0,138
11,9,4.6,8,11,2,17.7,14.4,16.2,17,0,373
11,9,4.6,8,11,3,24.1,19.2,21.9,13,1,350
11,9,5.4,8,11,2,19.3,14.7,17.2,16,0,396
11,9,5.4,8,11,3,24.9,19.6,22.5,13,1,360
11,10,4.6,8,11,2,18.6,14.6,16.8,17,0,386
11,10,4.6,8,11,3,25.5,20.0,23.0,12,1,368
11,10,5.4,8,11,2,20.6,15.5,18.3,15,0,421
11,10,5.4,8,11,3,26.7,20.5,23.9,12,1,382
11,1,1.0,1,4,2,11.3,7.9,9.8,29,0,225
11,1,3.5,6,3,2,12.6,8.7,10.8,26,0,248
11,1,3.5,6,3,2,13.3,9.3,11.5,25,0,264
11,1,3.7,6,3,2,13.7,10.4,12.2,23,0,281
11,1,1.6,1,3,2,10.4,7.4,9.1,31,0,209
11,1,1.0,1,3,2,10.9,8.0,9.6,29,0,221
11,1,2.5,1,3,2,10.9,7.5,9.4,30,0,216
11,1,1.6,1,3,2,10.5,7.9,9.3,30,0,214
11,1,1.0,1,3,2,11.2,8.5,10.0,28,0,230
11,8,5.4,8,4,2,18.2,13.3,16.0,18,0,368
11,8,5.4,8,4,3,24.5,18.0,21.6,13,1,346
11,8,1.0,1,4,2,11.8,8.3,10.2,28,0,235
11,8,3.5,6,3,2,14.8,10.7,13.0,22,0,299
11,8,3.5,6,3,2,13.7,9.7,11.9,24,0,274
11,8,3.5,6,3,3,18.3,12.9,15.9,18,1,254
11,8,3.5,6,3,2,14.3,10.3,12.5,23,0,288
11,8,3.5,6,3,3,18.9,13.9,16.7,17,1,267
11,11,3.5,6,4,2,14.5,10.6,12.7,22,0,292
11,11,3.5,6,3,2,14.6,10.6,12.8,22,0,294
11,11,6.2,8,3,2,18.3,12.9,15.9,18,0,366
11,11,3.5,6,4,2,15.9,11.3,13.8,20,0,317
11,11,3.5,6,3,2,15.4,11.0,13.4,21,0,308
11,11,6.2,8,3,2,20.1,14.4,17.5,16,0,402
11,11,3.7,6,4,2,14.0,10.3,12.3,23,0,283
11,11,3.7,6,4,3,18.8,13.7,16.5,17,1,264
11,11,3.7,6,3,2,14.0,10.3,12.3,23,0,283
11,11,3.7,6,3,3,18.8,13.7,16.5,17,1,264
11,11,1.0,8,4,2,16.4,12.3,14.6,19,0,336
11,11,1.0,8,4,3,22.1,16.7,19.7,14,1,315
11,11,1.0,8,3,2,16.4,12.3,14.6,19,0,336
11,11,1.0,8,3,3,22.1,16.7,19.7,14,1,315
11,11,3.7,6,4,2,15.0,11.4,13.4,21,0,308
11,11,3.7,6,4,3,20.2,15.3,18.0,16,1,288
11,11,3.7,6,3,2,15.0,11.4,13.4,21,0,308
11,11,3.7,6,3,3,20.2,15.3,18.0,16,1,288
11,11,1.0,8,4,2,16.8,12.6,14.9,19,0,343
11,11,1.0,8,4,3,22.4,17.0,20.0,14,1,320
11,11,1.0,8,3,2,16.7,12.5,14.8,19,0,340
11,11,1.0,8,3,3,22.4,16.9,19.9,14,1,318
11,11,6.2,8,3,2,20.4,15.0,18.0,16,0,414
11,4,1.6,1,3,2,8.5,6.5,7.6,37,0,175
11,4,1.6,1,12,2,8.6,6.4,7.6,37,0,175
11,4,1.0,1,12,2,7.5,5.5,6.6,43,0,152
11,4,1.6,1,3,2,8.0,5.8,7.0,40,0,161
11,0,1.6,1,1,2,8.9,6.8,8.0,35,0,184
11,8,3.5,6,3,2,13.2,9.4,11.5,25,0,264
11,8,3.5,6,3,2,13.7,10.2,12.1,23,0,278
11,8,3.5,6,3,2,14.8,10.4,12.8,22,0,294
11,0,1.0,1,1,2,10.2,7.4,8.9,32,0,205
11,0,1.0,1,4,2,8.8,6.4,7.7,37,0,177
11,0,1.0,1,4,3,11.7,8.5,10.3,27,1,165
11,0,1.0,1,3,2,8.9,6.4,7.8,36,0,179
11,0,1.0,1,3,3,11.7,8.5,10.3,27,1,165
11,0,1.0,1,12,2,9.1,6.6,8.0,35,0,184
11,0,1.0,1,12,3,11.9,8.9,10.6,27,1,170
11,0,1.0,1,4,2,8.4,5.8,7.2,39,0,166
11,0,1.0,1,4,3,11.6,8.3,10.1,28,1,162
11,2,1.5,1,3,2,10.1,6.6,8.5,33,0,196
11,2,1.6,1,1,2,9.4,6.4,8.1,35,0,186
11,2,1.0,1,3,2,10.5,7.1,9.0,31,0,207
11,2,2.5,1,3,2,10.5,7.0,8.9,32,0,205
11,2,1.5,1,3,2,9.5,6.3,8.1,35,0,186
11,2,1.0,1,3,2,10.9,7.5,9.4,30,0,216
11,2,1.0,1,13,2,5.3,5.7,5.5,51,0,126
11,4,3.7,6,4,2,12.1,7.8,10.2,28,0,235
11,4,3.7,6,1,2,12.7,8.1,10.6,27,0,244
11,4,1.0,8,4,2,13.3,9.3,11.5,25,0,264
11,4,1.0,8,1,2,15.4,9.4,12.7,22,0,292
11,4,5.8,8,1,0,15.9,9.9,13.2,21,0,304
11,4,3.7,6,4,2,12.5,8.2,10.6,27,0,244
11,6,1.0,1,3,2,10.5,7.3,9.1,31,0,209
11,6,3.5,6,3,2,13.7,9.4,11.8,24,0,271
11,6,3.5,6,3,2,12.1,8.1,10.3,27,0,237
11,6,3.5,6,3,3,17.0,11.1,14.3,20,1,229
11,6,3.5,6,3,2,13.0,9.1,11.2,25,0,258
11,6,3.5,6,3,3,18.4,12.5,15.7,18,1,251
11,13,1.6,1,3,2,10.8,8.0,9.5,30,0,218
11,13,2.5,1,3,2,11.3,8.2,9.9,29,0,228
11,13,1.6,1,3,2,11.5,8.3,10.1,28,0,232
11,13,2.5,1,3,2,11.9,8.5,10.4,27,0,239
12,8,3.6,6,4,2,14.3,9.9,12.3,23,0,283
12,8,3.6,6,4,2,14.9,10.4,12.9,22,0,297
12,9,4.3,6,11,2,17.1,12.7,15.1,19,0,347
12,9,5.3,8,11,2,18.0,13.4,15.9,18,0,366
12,9,5.3,8,11,3,23.5,17.7,20.9,14,1,334
12,9,5.3,8,11,2,18.3,14.2,16.5,17,0,380
12,9,5.3,8,11,3,23.7,18.8,21.5,13,1,344
12,9,5.3,8,11,2,18.6,13.9,16.5,17,0,380
12,9,5.3,8,11,3,23.9,18.5,21.5,13,1,344
12,9,5.3,8,11,2,18.3,14.2,16.5,17,0,380
12,9,5.3,8,11,3,25.3,19.3,22.6,12,1,362
12,10,5.3,8,11,2,18.6,13.9,16.5,17,0,380
12,10,5.3,8,11,3,23.9,18.5,21.5,13,1,344
12,10,5.3,8,11,2,18.3,14.2,16.5,17,0,380
12,10,5.3,8,11,3,25.3,19.3,22.6,12,1,362
12,10,4.8,8,4,2,21.1,14.2,18.0,16,0,414
12,10,6.0,8,4,2,21.9,15.0,18.8,15,0,432
12,10,6.0,8,4,3,30.0,20.4,25.7,11,1,411
12,10,4.8,8,4,2,21.3,14.3,18.2,16,0,419
12,10,6.0,8,4,2,22.1,15.0,18.9,15,0,435
12,10,6.0,8,4,3,30.2,20.5,25.8,11,1,413
12,11,4.3,6,4,2,13.4,9.9,11.8,24,0,271
12,11,4.3,6,4,3,18.9,14.2,16.8,17,1,269
12,11,5.3,8,4,2,14.6,10.3,12.7,22,0,292
12,11,5.3,8,4,3,19.5,13.7,16.9,17,1,270
12,11,6.2,8,4,0,16.3,11.4,14.1,20,0,324
12,11,4.3,6,4,2,14.2,10.6,12.6,22,0,290
12,11,4.3,6,4,3,20.0,15.1,17.8,16,1,285
12,11,5.3,8,4,2,14.9,10.6,13.0,22,0,299
12,11,5.3,8,4,3,19.9,14.2,17.3,16,1,277
12,11,6.2,8,4,0,16.4,11.7,14.3,20,0,329
12,1,2.4,1,4,2,10.5,7.3,9.1,31,0,209
12,1,3.6,6,4,2,13.9,9.6,12.0,24,0,276
12,1,3.6,6,4,3,18.8,13.1,16.2,17,1,259
12,1,2.4,1,4,2,11.5,8.2,10.0,28,0,230
12,1,3.6,6,4,2,14.8,9.9,12.6,22,0,290
12,1,3.6,6,4,3,19.8,13.6,17.0,17,1,272
12,8,5.3,8,4,2,16.0,11.1,13.8,20,0,317
12,8,5.3,8,4,3,21.5,14.6,18.4,15,1,294
12,8,5.3,8,4,2,16.0,11.1,13.8,20,0,317
12,8,5.3,8,4,3,21.5,14.6,18.4,15,1,294
12,8,6.2,8,4,0,17.0,11.8,14.7,19,0,338
12,8,6.2,8,4,3,23.3,16.1,20.1,14,1,322
12,8,6.2,8,4,0,18.8,13.4,16.4,17,0,377
12,8,6.2,8,4,3,25.7,17.8,22.1,13,1,354
12,8,5.3,8,4,2,16.0,11.1,13.8,20,0,317
12,8,5.3,8,4,3,21.5,14.6,18.4,15,1,294
12,8,5.3,8,4,2,16.0,11.1,13.8,20,0,317
12,8,5.3,8,4,3,21.5,14.6,18.4,15,1,294
13,2,2.4,1,13,2,9.0,6.6,7.9,36,0,182
13,2,2.4,1,2,2,9.1,6.9,8.1,35,0,186
13,2,2.4,1,1,2,10.1,6.9,8.7,32,0,200
13,2,3.5,6,4,2,11.0,6.8,9.1,31,0,209
13,2,3.5,6,3,2,11.4,7.3,9.6,29,0,221
13,2,3.5,6,1,2,13.0,8.4,10.9,26,0,251
13,2,1.0,1,13,2,4.7,4.9,4.8,59,0,110
13,0,1.8,1,13,2,7.9,6.0,7.0,40,0,161
13,0,1.8,1,2,2,8.1,6.2,7.2,39,0,166
13,0,1.8,1,12,2,8.5,6.6,7.6,37,0,175
13,1,3.5,6,4,2,12.5,8.5,10.7,26,0,246
13,1,2.4,1,14,2,10.3,7.6,9.1,31,0,209
13,1,2.4,1,14,2,10.6,7.9,9.4,30,0,216
13,5,1.5,1,2,2,6.6,6.0,6.3,45,0,145
13,5,1.5,1,1,2,7.6,6.1,6.9,41,0,159
13,7,1.5,1,14,2,8.3,6.5,7.5,38,0,172
13,7,1.5,1,12,2,8.3,6.9,7.7,37,0,177
13,12,3.5,6,4,2,12.3,8.5,10.6,27,0,244
13,1,3.5,6,14,2,13.3,9.3,11.5,25,0,265
13,1,3.5,6,14,2,13.9,9.7,12.0,24,0,276
13,11,3.5,6,14,2,15.2,11.3,13.4,21,0,308
14,0,1.6,1,4,2,8.8,6.3,7.7,37,0,177
14,0,1.6,1,1,2,8.7,6.4,7.7,37,0,177
14,2,1.0,1,4,2,9.8,7.2,8.6,33,0,198
14,2,1.0,1,1,2,9.8,7.0,8.5,33,0,196
14,6,1.0,8,9,0,15.7,10.2,13.2,21,0,304
14,6,3.8,6,9,2,13.0,8.7,11.1,25,0,255
14,1,3.3,6,4,2,13.0,9.1,11.2,25,0,258
14,1,3.3,6,4,2,13.3,9.5,11.6,24,0,267
14,1,2.4,1,4,2,11.6,8.7,10.3,27,0,237
14,1,1.0,1,4,2,12.9,9.7,11.5,25,0,264
14,1,2.4,1,4,2,12.5,9.4,11.1,25,0,255
14,6,1.0,1,4,2,11.4,7.5,9.6,29,0,221
14,6,2.4,1,4,2,9.8,7.0,8.5,33,0,196
14,2,2.4,1,3,2,6.5,5.9,6.2,46,0,143
14,2,2.4,1,3,2,6.6,5.9,6.3,45,0,145
14,1,1.0,1,4,2,10.2,8.2,9.3,30,0,214
14,1,1.0,1,1,2,11.4,8.6,10.1,28,0,232
14,1,2.4,1,4,2,11.3,8.3,10.0,28,0,230
14,1,1.0,1,4,2,11.4,9.3,10.5,27,0,242
14,1,2.4,1,4,2,11.6,9.3,10.6,27,0,244
14,0,1.6,1,15,2,8.6,6.6,7.7,37,0,177
14,0,1.6,1,1,2,9.1,6.7,8.0,35,0,184
14,0,1.6,1,4,2,9.9,7.5,8.8,32,0,202
14,0,1.6,1,1,2,9.7,7.1,8.5,33,0,196
15,2,3.7,6,16,0,12.0,8.0,10.2,28,0,235
15,2,3.7,6,16,0,12.6,8.7,10.8,26,0,248
15,0,3.5,6,16,0,8.2,6.7,7.5,38,0,172
15,0,3.5,6,16,0,8.7,7.5,8.2,34,0,189
15,4,3.7,6,16,0,13.3,9.4,11.5,25,0,265
15,4,3.7,6,16,0,13.6,9.3,11.7,24,0,269
15,4,3.7,6,1,0,14.3,9.8,12.3,23,0,283
15,4,3.7,6,16,0,12.9,8.9,11.1,25,0,255
15,4,3.7,6,1,0,13.5,9.3,11.6,24,0,267
15,2,3.7,6,16,0,12.8,8.9,11.0,26,0,253
15,2,5.6,8,16,0,14.5,9.5,12.3,23,0,283
15,2,3.7,6,16,0,13.2,9.6,11.6,24,0,267
15,2,5.6,8,16,0,15.0,10.2,12.8,22,0,294
15,2,3.5,6,16,0,8.0,7.0,7.6,37,0,175
15,7,3.7,6,16,0,13.6,9.6,11.8,24,0,271
15,1,3.5,6,13,0,11.9,9.0,10.6,27,0,244
15,1,3.5,6,13,0,12.3,9.3,11.0,26,0,253
15,8,2.5,1,13,2,8.8,8.2,8.5,33,0,196
15,1,3.7,6,16,0,14.5,10.7,12.8,22,0,294
15,1,1.0,8,16,0,16.6,11.9,14.5,19,0,334
15,8,5.6,8,16,0,17.4,12.1,15.0,19,0,345
16,5,1.0,6,7,0,11.8,8.4,10.3,27,0,237
16,5,1.0,6,7,0,12.2,8.7,10.6,27,0,244
16,5,1.0,8,7,0,15.0,10.2,12.8,22,0,294
16,2,1.0,1,7,0,12.3,8.2,10.5,27,0,242
16,2,1.0,6,7,0,14.7,9.1,12.2,23,0,281
16,2,1.0,8,7,0,15.7,10.3,13.3,21,0,306
16,2,1.0,8,7,3,21.3,14.1,18.1,16,1,290
16,2,1.0,8,7,0,15.7,10.3,13.3,21,0,306
16,6,1.0,6,7,0,14.6,9.6,12.4,23,0,285
16,6,1.0,8,7,0,15.8,10.2,13.3,21,0,306
16,6,1.0,8,7,3,20.6,13.6,17.5,16,1,280
16,6,1.0,6,7,0,14.7,9.6,12.4,23,0,285
16,6,1.0,8,7,0,15.8,10.2,13.3,21,0,306
16,6,1.0,8,7,3,20.6,13.6,17.5,16,1,280
16,6,1.0,8,7,0,15.8,10.2,13.3,21,0,306
16,6,1.0,8,7,0,15.8,10.2,13.3,21,0,306
16,3,1.0,8,3,0,15.1,10.6,13.1,22,0,301
16,3,1.0,8,3,0,14.8,9.9,12.6,22,0,290
16,3,1.0,8,3,0,15.9,10.9,13.7,21,0,315
16,3,1.0,8,3,0,15.6,10.9,13.5,21,0,310
16,3,1.0,8,3,0,15.9,10.9,13.7,21,0,315
16,3,1.0,8,3,0,15.6,10.9,13.5,21,0,310
17,1,2.4,1,17,2,10.9,7.7,9.5,30,0,218
17,1,3.2,6,17,2,12.3,8.3,10.5,27,0,242
17,1,2.4,1,17,2,11.3,8.3,10.0,28,0,230
17,1,3.2,6,17,2,12.5,8.8,10.8,26,0,248
17,1,2.4,1,17,2,11.4,8.6,10.1,28,0,232
17,1,3.2,6,17,2,12.5,9.1,11.0,26,0,253
17,1,2.4,1,17,2,12.1,9.4,10.9,26,0,251
17,1,3.2,6,17,2,13.4,9.5,11.6,24,0,267
17,1,1.0,1,4,2,11.1,8.3,9.8,29,0,225
17,1,1.0,1,12,2,10.2,7.8,9.1,31,0,209
17,1,2.4,1,4,2,11.1,8.3,9.8,29,0,225
17,1,2.4,1,12,2,10.3,8.3,9.4,30,0,216
17,1,2.4,1,4,2,11.4,8.7,10.2,28,0,235
17,1,2.4,1,12,2,10.3,8.4,9.4,30,0,216
17,1,2.4,1,13,2,11.7,10.3,11.1,25,0,255
17,8,5.7,8,9,2,17.3,11.7,14.8,19,0,340
17,8,1.0,6,9,1,11.2,8.4,9.9,29,0,267
17,8,3.6,6,9,2,13.9,9.8,12.1,23,0,278
17,8,3.6,6,9,3,17.7,13.0,15.6,18,1,250
17,8,6.4,8,9,0,18.5,12.6,15.8,18,0,363
17,1,1.0,1,4,2,11.1,8.3,9.8,29,0,225
17,1,1.0,1,12,2,10.2,7.8,9.1,31,0,209
17,1,2.4,1,4,2,11.1,8.3,9.8,29,0,225
17,1,2.4,1,12,2,10.3,8.3,9.4,30,0,216
17,1,2.4,1,4,2,11.4,8.7,10.2,28,0,235
17,1,2.4,1,12,2,10.3,8.4,9.4,30,0,216
17,1,2.4,1,13,2,11.7,10.3,11.1,25,0,255
17,1,3.6,6,14,2,14.1,11.1,12.8,22,0,294
17,1,3.6,6,1,2,14.2,11.0,12.8,22,0,294
17,1,3.6,6,14,2,14.8,11.7,13.4,21,0,308
17,1,3.6,6,1,2,15.0,11.4,13.4,21,0,308
18,6,3.3,6,4,2,12.7,8.8,10.9,26,0,251
18,2,1.8,1,4,2,9.6,6.6,8.3,34,0,191
18,2,1.8,1,1,2,9.3,6.4,8.0,35,0,184
18,2,1.0,1,4,2,9.8,6.6,8.4,34,0,193
18,2,1.0,1,1,2,9.7,6.8,8.4,34,0,193
18,6,1.6,1,4,2,11.1,8.0,9.7,29,0,223
18,6,1.6,1,1,2,11.1,8.2,9.8,29,0,225
18,6,1.0,1,4,2,9.7,6.8,8.4,34,0,193
18,6,1.0,1,1,2,9.8,7.0,8.5,33,0,196
18,0,1.6,1,4,2,10.6,7.9,9.4,30,0,216
18,0,1.6,1,1,2,10.8,8.1,9.6,29,0,221
18,0,1.0,1,4,2,9.6,7.0,8.4,34,0,193
18,0,1.0,1,1,2,9.8,7.2,8.6,33,0,198
18,2,1.0,1,4,2,11.7,7.6,9.9,29,0,228
18,2,2.4,1,4,2,10.2,6.8,8.7,32,0,200
18,0,1.6,1,4,2,8.7,6.3,7.6,37,0,175
18,0,1.6,1,1,2,8.7,6.4,7.7,37,0,177
18,0,1.6,1,4,2,8.5,6.4,7.6,37,0,175
18,14,1.0,1,4,2,10.5,7.5,9.2,31,0,212
18,14,1.0,1,1,2,10.8,7.4,9.3,30,0,214
18,12,3.5,6,4,2,13.7,9.9,12.0,24,0,276
18,1,2.4,1,4,2,11.8,8.5,10.3,27,0,237
18,1,3.3,6,4,2,12.9,9.5,11.4,25,0,262
18,1,2.4,1,4,2,12.3,9.3,11.0,26,0,253
18,1,3.3,6,4,2,13.4,9.9,11.8,24,0,271
18,7,1.6,1,4,2,9.8,7.9,8.9,32,0,205
18,7,1.6,1,1,2,9.9,7.8,9.0,31,0,207
18,7,1.0,1,4,2,10.1,7.8,9.1,31,0,209
18,7,1.0,1,4,2,9.7,7.8,8.8,32,0,202
18,1,2.4,1,4,2,11.4,8.3,10.0,28,0,230
18,1,2.4,1,1,2,12.9,9.3,11.3,25,0,260
18,1,1.0,1,4,2,12.7,9.7,11.4,25,0,262
18,1,2.4,1,4,2,12.0,9.1,10.7,26,0,246
19,5,6.5,12,8,0,22.8,12.9,18.3,15,0,421
19,5,5.2,10,4,0,18.0,12.8,15.7,18,0,361
19,5,5.2,10,1,0,20.6,13.5,17.4,16,0,400
20,1,1.0,1,3,0,13.5,9.9,11.9,24,0,274
20,8,1.0,6,7,0,16.3,12.4,14.5,19,0,334
20,1,1.0,1,18,0,11.3,7.9,9.8,29,0,225
20,1,1.0,1,18,0,11.3,7.9,9.8,29,0,225
20,8,1.0,8,7,0,18.0,12.2,15.4,18,0,354
20,8,1.0,8,7,0,17.2,12.5,15.1,19,0,347
20,8,1.0,8,7,3,25.0,16.9,21.4,13,1,342
20,8,1.0,6,7,0,14.2,10.2,12.4,23,0,285
20,8,1.0,6,7,0,14.2,10.2,12.4,23,0,285
20,8,1.0,6,7,3,19.4,14.9,17.4,16,1,278
20,8,1.0,8,7,0,17.3,12.2,15.0,19,0,345
20,8,1.0,8,7,0,16.6,12.3,14.7,19,0,338
20,8,1.0,8,7,3,24.0,16.6,20.7,14,1,331
20,8,1.0,6,7,0,14.1,10.1,12.3,23,0,283
20,8,1.0,6,7,0,14.1,10.1,12.3,23,0,283
20,8,1.0,6,7,3,19.4,14.8,17.3,16,1,277
20,8,1.0,8,7,0,18.0,12.2,15.4,18,0,354
20,8,1.0,8,7,0,17.2,12.5,15.1,19,0,347
20,8,1.0,8,7,3,25.0,16.9,21.4,13,1,342
21,0,1.8,1,13,2,5.5,5.8,5.6,50,0,129
21,2,2.5,1,19,2,5.8,6.2,6.0,47,0,138
21,2,3.5,6,3,2,11.3,7.6,9.6,29,0,221
21,2,3.5,6,7,0,12.1,8.3,10.4,27,0,239
21,2,3.5,6,3,0,12.5,9.1,11.0,26,0,253
21,2,3.5,6,6,0,7.7,7.4,7.6,37,0,175
21,8,4.6,8,3,0,15.7,11.8,13.9,20,0,320
21,0,2.5,6,3,0,11.2,7.8,9.7,29,0,223
21,0,2.5,6,3,0,11.8,8.7,10.4,27,0,239
21,4,2.5,6,3,0,11.2,7.8,9.7,29,0,223
21,0,3.5,6,7,0,12.2,8.7,10.6,27,0,244
21,0,3.5,6,3,0,12.5,9.1,11.0,26,0,253
21,4,3.5,6,3,0,12.1,8.7,10.6,27,0,244
21,4,1.0,8,7,0,14.6,10.1,12.6,22,0,290
21,2,4.6,8,7,0,14.5,9.6,12.3,23,0,283
21,2,4.6,8,7,0,15.1,10.3,12.9,22,0,297
21,2,4.6,8,7,0,15.1,10.3,12.9,22,0,297
21,2,1.0,8,6,0,12.0,10.7,11.4,25,0,262
21,8,5.7,8,3,0,18.8,13.6,16.5,17,0,380
21,1,3.5,6,3,2,13.3,9.8,11.7,24,0,269
21,1,3.5,6,7,2,12.7,9.1,11.1,25,0,255
21,1,3.5,6,19,0,7.9,8.6,8.2,34,0,189
22,6,3.5,6,3,2,13.7,9.4,11.8,24,0,271
22,6,3.7,6,3,2,13.1,9.0,11.3,25,0,260
22,8,3.5,6,3,2,14.8,10.4,12.8,22,0,294
22,13,1.0,1,3,2,11.5,8.5,10.2,28,0,235
22,13,3.7,6,4,2,14.0,9.9,12.2,23,0,281
22,1,3.7,6,3,2,13.7,10.4,12.2,23,0,281
22,2,1.0,1,3,2,10.5,7.1,9.0,31,0,207
22,2,3.7,6,3,2,13.1,9.3,11.4,25,0,262
22,2,1.0,1,13,2,6.2,6.4,6.3,45,0,145
22,8,5.4,8,4,2,18.2,13.3,16.0,18,0,368
22,8,5.4,8,4,3,24.5,18.0,21.6,13,1,346
23,2,1.0,6,7,0,15.2,9.6,12.7,22,0,292
23,2,1.0,6,7,0,15.2,9.6,12.7,22,0,292
23,4,4.7,8,3,0,18.2,11.4,15.1,19,0,347
23,4,4.7,8,3,0,18.2,11.7,15.3,18,0,352
23,6,3.8,8,7,0,17.6,10.7,14.5,19,0,334
23,6,1.0,6,7,0,15.9,9.7,13.1,22,0,301
24,1,1.0,1,3,2,8.9,7.3,8.2,34,0,189
24,1,1.0,1,1,2,9.0,6.8,8.0,35,0,184
24,1,2.5,1,3,2,9.6,7.4,8.6,33,0,198
24,1,1.0,1,3,2,9.3,7.6,8.5,33,0,196
24,1,2.5,1,3,2,9.8,7.9,8.9,32,0,205
24,1,3.7,6,3,2,14.2,10.0,12.3,23,0,283
24,1,3.7,6,3,2,14.3,10.6,12.6,22,0,290
24,0,1.5,1,11,2,8.4,6.9,7.7,37,0,177
24,0,1.5,1,12,2,8.0,6.7,7.4,38,0,170
24,0,1.0,1,3,2,7.9,5.7,6.9,41,0,159
24,0,1.0,1,1,2,8.0,5.8,7.0,40,0,161
24,0,2.5,1,3,2,8.4,6.1,7.4,38,0,170
24,0,2.5,1,3,2,8.3,6.1,7.3,39,0,168
24,0,1.0,1,1,2,8.0,5.8,7.0,40,0,161
24,2,1.0,1,3,2,8.0,5.9,7.1,40,0,163
24,2,1.0,1,1,2,8.2,5.9,7.2,39,0,166
24,2,2.5,1,3,2,8.7,6.5,7.7,37,0,177
24,2,2.5,1,3,2,8.2,6.1,7.3,39,0,168
24,2,1.0,1,1,2,8.2,5.9,7.2,39,0,166
24,12,2.5,1,0,2,10.8,8.4,9.7,29,0,223
24,12,2.5,1,1,2,11.1,8.3,9.8,29,0,225
24,2,2.5,1,3,2,8.8,6.2,7.6,37,0,175
24,2,2.5,1,1,2,9.4,6.4,8.1,35,0,186
24,2,2.5,1,3,2,8.4,5.9,7.3,39,0,168
24,5,1.0,1,3,0,11.5,8.5,10.2,28,0,235
24,5,1.0,1,12,0,10.5,8.5,9.6,29,0,221
24,5,1.0,1,1,0,11.1,8.4,9.9,29,0,228
25,7,1.0,1,16,0,9.2,6.6,8.0,35,0,184
25,0,1.8,1,16,0,10.9,7.5,9.4,30,0,216
25,4,1.8,1,16,0,11.0,7.4,9.4,30,0,216
25,0,3.5,6,16,0,12.2,8.5,10.5,27,0,242
25,0,3.5,6,16,3,16.4,11.1,14.0,20,1,224
25,0,3.5,6,16,0,12.0,8.6,10.5,27,0,242
25,0,3.5,6,16,0,11.9,8.6,10.4,27,0,239
25,4,3.5,6,16,0,12.1,8.7,10.6,27,0,244
25,4,3.5,6,16,0,12.1,8.6,10.5,27,0,242
25,0,6.2,8,16,0,17.7,11.9,15.1,19,0,347
25,4,6.2,8,16,0,17.9,12.2,15.3,18,0,352
25,0,4.7,8,16,0,15.4,10.4,13.2,21,0,304
25,0,5.5,8,16,0,15.4,11.0,13.4,21,0,308
25,0,1.0,1,16,0,9.1,6.2,7.8,36,0,179
25,0,1.0,1,16,0,10.3,7.8,9.2,31,0,212
25,0,4.7,8,16,0,13.3,9.4,11.5,25,0,264
25,0,5.5,8,16,0,15.1,10.7,13.1,22,0,301
25,0,5.5,8,16,0,15.1,10.7,13.1,22,0,301
25,2,2.1,1,16,1,8.5,5.7,7.2,39,0,194
25,2,3.5,6,16,0,11.8,8.2,10.2,28,0,235
25,2,3.5,6,16,0,11.6,8.1,10.0,28,0,230
25,4,3.5,6,16,0,11.9,8.5,10.4,27,0,239
25,14,3.5,6,16,0,12.1,8.6,10.5,27,0,242
25,4,3.5,6,16,0,12.0,8.5,10.4,27,0,239
25,4,3.5,6,16,0,11.9,8.2,10.2,28,0,235
25,2,3.5,6,16,0,9.6,7.9,8.8,32,0,202
25,2,4.7,8,16,0,13.6,9.1,11.6,24,0,267
25,4,4.7,8,16,0,13.7,9.3,11.7,24,0,269
25,4,4.7,8,16,0,13.4,8.9,11.4,25,0,262
25,2,5.5,8,16,0,15.0,10.3,12.9,22,0,297
25,14,5.5,8,16,0,15.5,11.0,13.5,21,0,310
25,2,5.5,8,16,0,15.0,10.3,12.9,22,0,297
25,14,5.5,8,16,0,15.5,11.0,13.5,21,0,310
25,8,5.5,8,16,0,20.0,15.9,18.2,16,0,419
25,8,5.5,8,16,0,19.4,15.7,17.7,16,0,407
25,8,1.0,6,16,1,13.4,10.2,12.0,24,0,324
25,8,4.7,8,16,0,17.1,12.8,15.2,19,0,350
25,8,4.7,8,16,0,17.6,13.1,15.6,18,0,359
25,8,5.5,8,16,0,17.7,13.4,15.8,18,0,363
25,1,2.1,1,16,1,9.6,7.1,8.5,33,0,230
25,1,3.5,6,16,0,12.6,9.6,11.3,25,0,260
25,8,3.5,6,16,0,13.4,10.5,12.1,23,0,278
25,8,3.5,6,16,3,17.8,13.8,16.0,18,1,256
25,8,1.0,6,16,1,11.8,8.5,10.3,27,0,278
25,8,4.7,8,16,0,16.2,11.8,14.2,20,0,327
25,8,5.5,8,16,0,17.2,13.5,15.5,18,0,356
25,6,4.7,8,16,0,14.3,9.5,12.1,23,0,278
25,6,4.7,8,16,0,14.2,9.4,12.0,24,0,276
25,6,5.5,8,16,0,15.6,10.3,13.2,21,0,304
25,5,4.7,8,16,0,13.4,9.6,11.7,24,0,269
25,5,5.5,8,16,0,14.8,10.2,12.7,22,0,292
25,5,6.0,8,16,0,16.7,11.2,14.2,20,0,327
25,5,1.8,1,16,0,10.3,7.2,8.9,32,0,205
25,5,1.8,1,1,0,10.4,7.3,9.0,31,0,207
25,5,3.5,6,16,0,11.1,8.1,9.8,29,0,225
25,5,5.5,8,16,0,12.3,8.7,10.7,26,0,246
25,5,6.2,8,16,0,18.7,13.9,16.5,17,0,380
25,5,6.2,8,16,0,18.2,12.6,15.7,18,0,361
25,5,6.2,8,16,0,18.2,12.6,15.7,18,0,361
26,4,1.6,1,4,0,8.7,6.6,7.8,36,0,179
26,4,1.6,1,1,0,8.6,6.8,7.8,36,0,179
26,3,1.6,1,4,0,8.7,6.6,7.8,36,0,179
26,3,1.6,1,1,0,8.6,6.8,7.8,36,0,179
26,0,1.6,1,4,0,9.4,7.9,8.7,32,0,200
26,0,1.6,1,1,0,8.6,6.8,7.8,36,0,179
26,5,1.6,1,4,0,8.5,6.6,7.6,37,0,175
26,5,1.6,1,1,0,8.0,6.4,7.3,39,0,168
26,0,1.6,1,4,0,9.4,7.9,8.7,32,0,200
26,0,1.6,1,1,0,8.6,6.8,7.8,36,0,179
26,5,1.6,1,4,0,8.7,6.6,7.8,36,0,179
26,5,1.6,1,1,0,8.6,6.8,7.8,36,0,179
26,4,1.6,1,4,0,9.3,7.0,8.3,34,0,191
26,4,1.6,1,1,0,9.1,6.7,8.0,35,0,184
26,3,1.6,1,4,0,9.3,7.0,8.3,34,0,191
26,3,1.6,1,1,0,9.1,6.7,8.0,35,0,184
26,0,1.6,1,4,0,10.0,7.8,9.0,31,0,207
26,0,1.6,1,1,0,9.3,7.5,8.5,33,0,196
26,5,1.6,1,4,0,9.3,7.0,8.3,34,0,191
26,5,1.6,1,1,0,9.1,6.7,8.0,35,0,184
26,0,1.6,1,4,0,10.0,7.8,9.0,31,0,207
26,0,1.6,1,1,0,9.3,7.5,8.5,33,0,196
26,5,1.6,1,4,0,9.3,7.0,8.3,34,0,191
26,5,1.6,1,1,0,9.1,6.7,8.0,35,0,184
26,4,1.6,1,4,0,9.3,7.0,8.3,34,0,191
26,4,1.6,1,1,0,9.1,6.7,8.0,35,0,184
26,3,1.6,1,4,0,9.3,7.0,8.3,34,0,191
26,3,1.6,1,1,0,9.1,6.7,8.0,35,0,184
26,0,1.6,1,4,0,10.0,7.8,9.0,31,0,207
26,0,1.6,1,1,0,9.3,7.5,8.5,33,0,196
26,5,1.6,1,4,0,9.3,7.0,8.3,34,0,191
26,5,1.6,1,1,0,9.1,6.7,8.0,35,0,184
26,0,1.6,1,4,0,10.0,7.8,9.0,31,0,207
26,0,1.6,1,1,0,9.3,7.5,8.5,33,0,196
26,5,1.6,1,4,0,9.3,7.0,8.3,34,0,191
26,5,1.6,1,1,0,9.1,6.7,8.0,35,0,184
27,0,1.0,1,19,2,9.2,7.0,8.2,34,0,189
27,0,1.0,1,12,2,9.6,6.8,8.3,34,0,191
27,0,2.4,1,19,2,10.5,8.2,9.5,30,0,218
27,0,1.0,1,15,0,14.2,10.5,12.5,23,0,288
27,0,1.0,1,12,0,14.0,10.3,12.3,23,0,283
27,0,1.0,1,15,0,13.4,9.4,11.6,24,0,267
27,7,1.0,1,19,2,9.6,7.3,8.6,33,0,198
27,7,1.0,1,12,2,9.8,7.1,8.6,33,0,198
27,0,1.2,1,13,2,6.4,5.4,6.0,47,0,138
27,0,1.2,1,12,2,7.0,5.6,6.4,44,0,147
27,1,2.4,1,19,2,9.5,7.5,8.6,33,0,198
27,1,2.4,1,19,2,9.9,8.1,9.1,31,0,209
27,1,1.0,6,3,0,11.5,8.5,10.2,28,0,235
27,1,1.0,1,19,2,9.6,7.6,8.7,32,0,200
27,1,1.0,1,12,2,9.9,7.5,8.8,32,0,202
27,1,1.0,1,19,2,9.8,8.0,9.0,31,0,207
28,5,3.7,6,16,0,12.6,9.1,11.0,26,0,253
28,5,3.7,6,1,0,13.3,9.3,11.5,25,0,264
28,5,3.7,6,16,0,13.0,9.5,11.4,25,0,262
28,5,3.7,6,1,0,13.5,9.6,11.7,24,0,269
28,2,2.5,1,13,2,8.7,6.2,7.6,37,0,175
28,2,3.5,6,13,2,10.8,7.4,9.3,30,0,214
28,8,5.6,8,14,2,19.1,13.4,16.5,17,0,380
28,15,2.5,1,14,2,13.7,10.6,12.3,23,0,283
28,15,2.5,1,12,2,12.2,10.2,11.3,25,0,260
28,15,1.0,6,14,2,14.7,10.2,12.7,22,0,292
28,15,1.0,6,14,2,15.7,11.2,13.7,21,0,315
28,15,1.0,6,1,2,14.8,11.0,13.1,22,0,301
28,4,3.8,6,15,0,14.5,10.9,12.9,22,0,297
28,7,1.6,1,13,0,8.7,7.3,8.1,35,0,186
28,7,1.6,1,1,0,9.5,7.6,8.6,33,0,198
28,7,1.6,1,13,0,9.3,7.9,8.7,32,0,200
28,2,3.5,6,13,0,12.3,9.1,10.9,26,0,251
28,1,3.5,6,13,2,13.2,10.1,11.8,24,0,271
28,13,1.0,1,13,2,10.0,8.5,9.3,30,0,214
28,1,3.5,6,13,2,12.0,8.9,10.6,27,0,244
28,1,3.5,6,13,2,12.3,9.3,11.0,26,0,253
28,8,2.5,1,13,2,9.1,8.5,8.8,32,0,202
28,12,3.5,6,13,2,12.5,9.5,11.1,25,0,255
28,1,2.5,1,13,2,9.2,7.2,8.3,34,0,191
28,1,2.5,1,13,2,9.5,7.4,8.6,33,0,198
28,2,1.8,1,13,2,7.8,6.0,7.0,40,0,161
28,2,1.8,1,1,2,8.7,6.6,7.8,36,0,179
28,11,5.6,8,14,2,17.9,12.8,15.6,18,0,359
28,11,5.6,8,14,2,19.7,14.3,17.3,16,0,398
28,0,1.6,1,13,2,7.2,5.8,6.6,43,0,152
28,0,1.6,1,12,2,8.6,6.5,7.7,37,0,177
28,1,1.0,6,14,2,16.1,11.9,14.2,20,0,327
28,1,1.0,6,1,2,15.2,11.9,13.7,21,0,315
29,3,3.4,6,5,0,11.6,8.3,10.1,28,0,232
29,3,3.4,6,10,0,12.5,8.6,10.7,26,0,246
29,3,3.4,6,5,0,11.8,8.5,10.3,27,0,237
29,3,3.4,6,10,0,12.4,8.6,10.7,26,0,246
29,3,3.4,6,5,0,12.0,8.7,10.5,27,0,242
29,3,3.4,6,10,0,12.6,9.0,11.0,26,0,253
29,3,3.8,6,5,0,12.3,8.9,10.8,26,0,248
29,3,3.8,6,10,0,12.8,8.9,11.0,26,0,253
29,3,3.8,6,5,0,12.7,9.0,11.0,26,0,253
29,3,3.8,6,10,0,12.9,9.1,11.2,25,0,258
29,3,3.4,6,5,0,11.6,8.3,10.1,28,0,232
29,3,3.4,6,10,0,12.4,8.6,10.7,26,0,246
29,3,3.8,6,5,0,12.1,8.7,10.6,27,0,244
29,3,3.8,6,10,0,12.6,8.6,10.8,26,0,248
29,3,3.8,6,5,0,12.4,8.7,10.7,26,0,246
29,3,3.8,6,10,0,12.6,8.8,10.9,26,0,251
29,5,3.8,6,5,0,16.0,11.5,14.0,20,0,322
29,3,3.8,6,5,0,13.7,9.6,11.9,24,0,274
29,3,3.8,6,5,0,13.7,9.6,11.9,24,0,274
29,3,3.8,6,5,0,13.7,9.6,11.9,24,0,274
29,3,3.8,6,5,0,13.7,9.6,11.9,24,0,274
29,5,2.7,6,5,0,10.7,7.4,9.2,31,0,212
29,5,2.7,6,1,0,11.5,7.9,9.9,29,0,228
29,5,3.4,6,5,0,11.3,7.9,9.8,29,0,225
29,5,3.4,6,1,0,11.9,8.6,10.4,27,0,239
29,8,3.6,6,9,0,13.6,10.1,12.0,24,0,276
29,8,3.6,6,1,0,15.8,10.9,13.6,21,0,313
29,8,1.0,6,9,1,12.2,8.1,10.4,27,0,281
29,8,4.8,8,9,0,15.9,11.4,13.9,20,0,320
29,8,4.8,8,9,0,15.0,10.6,13.0,22,0,299
29,8,1.0,6,9,0,11.8,9.9,10.9,26,0,251
29,8,4.8,8,9,0,15.9,10.9,13.7,21,0,315
29,5,2.7,6,5,0,10.7,7.4,9.2,31,0,212
29,5,2.7,6,1,0,11.5,7.9,9.9,29,0,228
29,5,3.4,6,5,0,11.3,7.9,9.8,29,0,225
29,5,3.4,6,1,0,11.9,8.6,10.4,27,0,239
29,6,3.6,6,5,0,12.9,8.4,10.9,26,0,251
29,6,3.6,6,5,0,13.1,8.7,11.1,25,0,255
29,6,1.0,6,5,0,13.4,8.8,11.3,25,0,260
29,6,1.0,6,5,0,13.7,8.9,11.5,25,0,264
29,6,4.8,8,5,0,15.1,9.7,12.7,22,0,292
29,6,1.0,6,5,0,13.4,8.8,11.3,25,0,260
29,6,4.8,8,5,0,15.3,9.7,12.8,22,0,294
29,6,4.8,8,5,0,15.4,9.8,12.9,22,0,297
30,11,5.7,8,4,2,17.1,12.0,14.8,19,0,340
30,11,5.7,8,9,2,15.8,10.9,13.6,21,0,313
30,11,5.7,8,4,2,17.6,12.7,15.4,18,0,354
30,11,5.7,8,9,2,16.3,11.5,14.1,20,0,324
30,11,1.0,6,9,1,12.1,8.8,10.6,27,0,286
30,11,3.6,6,9,2,14.6,10.1,12.6,22,0,290
30,11,3.6,6,9,3,20.5,14.5,17.8,16,1,285
30,11,1.0,6,9,1,11.6,8.4,10.2,28,0,275
30,11,3.6,6,9,2,13.9,9.5,11.9,24,0,274
30,11,3.6,6,9,3,19.4,13.6,16.8,17,1,269
30,11,3.6,6,9,2,12.9,9.3,11.3,25,0,260
30,12,3.6,6,4,2,13.3,9.1,11.4,25,0,262
30,12,3.6,6,4,3,18.6,12.7,15.9,18,1,254
31,6,6.6,12,9,0,19.1,12.3,16.0,18,0,368
31,6,6.6,12,9,0,19.1,12.3,16.0,18,0,368
31,6,6.7,12,9,0,20.7,12.8,17.1,17,0,393
31,0,6.7,12,9,0,20.7,12.8,17.1,17,0,393
31,0,6.7,12,9,0,20.7,12.7,17.1,17,0,393
31,6,6.7,12,9,0,20.7,12.7,17.1,17,0,393
31,2,6.6,12,9,0,18.7,11.8,15.6,18,0,359
32,3,1.0,1,3,0,9.6,7.0,8.4,34,0,193
32,3,1.0,1,1,0,10.9,7.8,9.5,30,0,218
32,3,1.3,1,13,2,6.6,5.7,6.2,46,0,143
32,0,2.5,1,3,2,10.2,7.5,9.0,31,0,207
32,0,2.5,1,1,2,10.2,7.6,9.0,31,0,207
32,7,2.4,1,20,2,10.9,8.6,9.9,29,0,228
32,7,2.4,1,12,2,10.9,8.6,9.9,29,0,228
32,4,1.8,1,11,2,8.8,7.1,8.0,35,0,184
32,4,1.8,1,12,2,8.6,7.1,7.9,36,0,182
33,5,1.0,1,21,0,6.9,5.7,6.4,44,0,147
33,5,1.0,1,21,0,6.9,5.7,6.4,44,0,147
34,5,8.4,10,1,0,20.0,13.0,16.9,17,0,389
34,5,8.4,10,1,0,20.0,13.0,16.9,17,0,389
35,3,1.0,1,3,0,9.6,7.1,8.5,33,0,196
35,3,1.0,1,1,0,11.0,7.9,9.6,29,0,221
35,1,1.0,1,13,0,10.2,8.6,9.5,30,0,218
35,1,2.5,1,13,2,9.6,7.4,8.6,33,0,198
35,1,2.5,1,1,2,10.9,8.3,9.7,29,0,223
35,0,1.0,1,13,2,8.7,6.6,7.8,36,0,179
35,0,1.0,1,12,2,9.6,7.1,8.5,33,0,196
35,0,2.5,1,12,0,12.6,9.5,11.2,25,0,258
35,0,2.5,1,1,0,14.2,10.4,12.5,23,0,288
35,7,1.0,1,13,2,8.7,6.6,7.8,36,0,179
35,7,1.0,1,12,2,9.6,7.1,8.5,33,0,196
35,7,2.5,1,12,0,12.6,9.5,11.2,25,0,258
35,7,2.5,1,1,0,14.2,10.4,12.5,23,0,288
35,2,2.5,1,13,2,9.7,7.3,8.6,33,0,198
35,2,2.5,1,1,2,11.3,8.2,9.9,29,0,228
35,2,3.6,6,0,2,13.3,9.5,11.6,24,0,267
35,1,2.5,1,13,2,9.9,7.8,9.0,31,0,207
35,1,2.5,1,1,2,10.8,8.5,9.8,29,0,225
35,1,3.6,6,0,2,13.4,9.7,11.7,24,0,269
35,1,3.6,6,0,2,14.7,11.1,13.1,22,0,301
35,1,1.0,1,13,2,9.5,7.2,8.5,33,0,196
35,1,1.0,1,12,2,10.2,8.0,9.2,31,0,212
35,1,1.0,1,13,2,8.1,7.2,7.7,37,0,177
36,8,1.0,6,0,2,14.3,11.1,12.9,22,0,297
36,8,1.0,6,0,2,14.3,11.1,12.9,22,0,297
36,2,3.5,6,3,2,11.3,7.6,9.6,29,0,221
36,2,2.5,1,3,2,9.5,6.6,8.2,34,0,189
36,2,3.5,6,3,2,11.1,7.8,9.6,29,0,221
36,2,2.5,1,13,2,5.5,5.9,5.7,50,0,131
36,2,2.5,1,13,2,5.8,6.2,6.0,47,0,138
36,2,1.8,1,11,2,8.6,6.5,7.7,37,0,177
36,2,1.8,1,2,2,8.1,6.3,7.3,39,0,168
36,2,1.8,1,13,2,8.0,5.9,7.1,40,0,163
36,2,1.8,1,1,2,8.3,6.3,7.4,38,0,170
36,2,1.8,1,13,2,7.7,5.6,6.8,42,0,156
36,2,1.8,1,13,2,7.8,5.9,6.9,41,0,159
36,7,1.8,1,11,2,9.4,7.5,8.5,33,0,196
36,7,1.8,1,12,2,8.9,7.3,8.2,34,0,189
36,1,1.0,6,14,2,14.3,11.2,12.9,22,0,297
36,1,1.0,6,1,2,15.4,12.1,13.9,20,0,320
36,1,2.7,1,3,2,11.7,8.6,10.3,27,0,237
36,1,3.5,6,3,2,12.6,9.4,11.2,25,0,258
36,8,3.5,6,3,2,13.0,9.7,11.5,25,0,264
36,8,3.5,6,19,2,8.0,8.6,8.3,34,0,191
36,8,3.5,6,19,2,7.9,8.6,8.2,34,0,189
36,2,1.8,1,13,2,4.7,4.9,4.8,59,0,110
36,0,1.5,1,13,2,4.6,4.9,4.7,60,0,108
36,14,1.8,1,13,2,5.3,5.8,5.5,51,0,126
36,1,2.5,1,3,2,10.0,7.6,8.9,32,0,205
36,1,2.5,1,3,2,10.4,8.1,9.4,30,0,216
36,1,2.5,1,3,2,10.6,8.2,9.5,30,0,218
36,8,5.7,8,3,2,19.0,13.9,16.7,17,0,384
36,12,3.5,6,3,2,12.9,9.4,11.3,25,0,260
36,12,3.5,6,3,2,14.2,10.3,12.4,23,0,285
36,15,2.7,1,11,2,12.2,9.3,10.9,26,0,251
36,15,2.7,1,12,2,11.3,8.9,10.2,28,0,235
36,15,1.0,6,1,2,14.5,11.3,13.1,22,0,301
36,15,2.7,1,11,2,13.1,10.5,11.9,24,0,274
36,15,2.7,1,12,2,12.8,10.6,11.8,24,0,271
36,15,1.0,6,14,2,14.7,11.5,13.3,21,0,306
36,15,1.0,6,1,2,15.3,12.3,14.0,20,0,322
36,11,1.0,6,0,2,14.8,11.8,13.5,21,0,310
36,11,4.6,8,3,2,15.9,12.3,14.3,20,0,329
36,11,5.7,8,3,2,17.6,12.9,15.5,18,0,356
36,11,4.6,8,3,2,16.9,12.8,15.1,19,0,347
36,11,5.7,8,3,2,18.1,13.9,16.2,17,0,373
36,1,2.7,1,3,2,11.4,8.2,10.0,28,0,230
36,1,3.5,6,3,2,12.6,9.1,11.0,26,0,253
36,1,2.7,1,3,2,11.6,8.5,10.2,28,0,235
36,1,3.5,6,3,2,12.9,9.4,11.3,25,0,260
36,0,1.5,1,11,2,7.9,6.6,7.3,39,0,168
36,0,1.5,1,12,2,7.8,6.3,7.1,40,0,163
37,0,1.8,1,4,2,9.5,7.2,8.5,33,0,196
37,0,1.8,1,12,2,9.9,7.2,8.7,32,0,200
37,0,1.0,1,4,0,10.3,7.7,9.1,31,0,209
37,0,1.0,1,1,0,10.8,7.6,9.4,30,0,216
37,0,2.5,1,4,2,10.9,8.4,9.8,29,0,225
37,0,2.5,1,12,2,11.2,7.7,9.6,29,0,221
37,4,1.8,1,4,2,9.8,7.3,8.7,32,0,200
37,4,1.0,1,4,0,10.3,8.1,9.3,30,0,214
37,4,1.0,1,1,0,10.8,7.6,9.4,30,0,216
37,4,2.5,1,4,2,11.2,8.7,10.1,28,0,232
37,0,1.0,1,4,1,8.2,6.1,7.3,39,0,197
37,0,1.0,1,1,1,8.5,5.8,7.3,39,0,197
37,0,1.0,1,4,0,11.1,7.9,9.7,29,0,223
37,0,1.0,1,1,0,11.6,7.7,9.8,29,0,225
37,0,3.6,6,4,0,14.3,9.8,12.3,23,0,283
37,4,1.0,1,4,0,10.9,8.0,9.6,29,0,221
37,7,2.5,1,4,2,11.0,7.7,9.5,30,0,218
37,7,2.5,1,12,2,11.2,7.3,9.4,30,0,216
37,7,1.0,1,4,1,8.2,6.0,7.2,39,0,194
37,7,1.0,1,1,1,7.9,5.6,6.9,41,0,186
37,0,1.8,1,4,2,9.5,6.7,8.2,34,0,189
37,0,1.8,1,12,2,9.4,6.7,8.2,34,0,189
37,0,1.0,1,4,2,10.6,8.0,9.4,30,0,216
37,0,1.0,1,12,2,10.4,7.2,9.0,31,0,207
37,0,1.0,1,4,0,10.2,7.5,9.0,31,0,207
37,0,1.0,1,1,0,10.6,7.4,9.2,31,0,212
37,0,1.0,1,4,1,7.9,5.7,6.9,41,0,186
37,0,1.0,1,1,1,7.9,5.6,6.9,41,0,186
37,0,1.4,1,5,0,5.6,5.2,5.4,52,0,124
37,2,1.8,1,4,2,9.9,6.9,8.6,33,0,198
37,2,1.8,1,12,2,10.0,6.9,8.6,33,0,198
37,2,2.5,1,4,2,11.0,8.0,9.7,29,0,223
37,2,2.5,1,12,2,11.4,7.8,9.8,29,0,225
37,2,3.6,6,4,0,12.4,8.8,10.8,26,0,248
37,2,1.0,1,4,1,8.1,5.9,7.1,40,0,192
37,2,1.0,1,1,1,8.0,5.4,6.8,42,0,184
37,12,3.6,6,4,2,14.2,9.5,12.1,23,0,278
37,1,1.0,1,4,0,11.7,9.5,10.7,26,0,246
37,1,1.0,1,1,0,13.6,9.2,11.6,24,0,267
37,1,1.0,1,4,0,11.7,9.4,10.7,26,0,246
37,8,3.6,6,7,0,13.8,10.3,12.2,23,0,281
37,8,1.0,6,7,1,12.3,8.0,10.4,27,0,281
38,0,2.5,1,3,2,11.3,7.8,9.7,29,0,223
38,0,2.5,1,3,2,11.6,8.3,10.1,28,0,232
38,0,1.0,6,3,2,13.2,9.5,11.5,25,0,264
38,2,3.2,6,3,2,11.9,8.1,10.2,28,0,235
38,2,1.0,6,3,2,13.2,9.5,11.5,25,0,264
38,1,3.2,6,3,2,13.0,8.9,11.2,25,0,258
38,1,1.0,6,3,2,13.4,9.8,11.8,24,0,271
38,1,3.2,6,3,2,13.2,9.5,11.5,25,0,264
38,1,1.0,6,3,2,13.4,9.8,11.8,24,0,271
38,1,3.2,6,3,2,12.9,9.3,11.3,25,0,260
38,8,3.2,6,3,2,14.9,10.2,12.8,22,0,294
